Kinetica Sports Whey Protein Powder - Banana Flavour | 23g Protein/Serve, 76 Servings/2.27Kg Pack | Gluten Free Supplement | Optimum for Muscle Growth & Recovery | Mixes Well with Water, Milk & Shakes,Other,0.6,Unknown,1.2
Kinetica Sports Whey Protein Powder - Banana Flavour | 23g Protein/Serve, 76 Servings/2.27Kg Pack | Gluten Free Supplement | Optimum for Muscle Growth & Recovery | Mixes Well with Water, Milk & Shakes,Other,0.6,Unknown,1.2
Kinetica Sports Whey Protein Powder - Banana Flavour | 23g Protein/Serve, 76 Servings/2.27Kg Pack | Gluten Free Supplement | Optimum for Muscle Growth & Recovery | Mixes Well with Water, Milk & Shakes,Other,0.6,Unknown,1.2
Kinetica Sports Whey Protein Powder - Banana Flavour | 23g Protein/Serve, 76 Servings/2.27Kg Pack | Gluten Free Supplement | Optimum for Muscle Growth & Recovery | Mixes Well with Water, Milk & Shakes,Other,0.6,Unknown,1.2
Kinetica Sports Whey Protein Powder - Banana Flavour | 23g Protein/Serve, 76 Servings/2.27Kg Pack | Gluten Free Supplement | Optimum for Muscle Growth & Recovery | Mixes Well with Water, Milk & Shakes,Other,0.6,Unknown,1.2
Kinetica Sports Whey Protein Powder - Banana Flavour | 23g Protein/Serve, 76 Servings/2.27Kg Pack | Gluten Free Supplement | Optimum for Muscle Growth & Recovery | Mixes Well with Water, Milk & Shakes,Other,0.6,Unknown,1.2
Kinetica Sports Whey Protein Powder - Banana Flavour | 23g Protein/Serve, 76 Servings/2.27Kg Pack | Gluten Free Supplement | Optimum for Muscle Growth & Recovery | Mixes Well with Water, Milk & Shakes,Other,0.6,Unknown,1.2
Kinetica Sports Whey Protein Powder - Banana Flavour | 23g Protein/Serve, 76 Servings/2.27Kg Pack | Gluten Free Supplement | Optimum for Muscle Growth & Recovery | Mixes Well with Water, Milk & Shakes,Other,0.6,Unknown,1.2
Kinetica Sports Whey Protein Powder - Banana Flavour | 23g Protein/Serve, 76 Servings/2.27Kg Pack | Gluten Free Supplement | Optimum for Muscle Growth & Recovery | Mixes Well with Water, Milk & Shakes,Other,0.6,Unknown,1.2
Kinetica Sports Whey Protein Powder - Banana Flavour | 23g Protein/Serve, 76 Servings/2.27Kg Pack | Gluten Free Supplement | Optimum for Muscle Growth & Recovery | Mixes Well with Water, Milk & Shakes,Other,0.6,Other,1.2
Kinetica Sports Whey Protein Powder - Banana Flavour | 23g Protein/Serve, 76 Servings/2.27Kg Pack | Gluten Free Supplement | Optimum for Muscle Growth & Recovery | Mixes Well with Water, Milk & Shakes,Other,0.6,Other,1.2
Kinetica Sports Whey Protein Powder - Banana Flavour | 23g Protein/Serve, 76 Servings/2.27Kg Pack | Gluten Free Supplement | Optimum for Muscle Growth & Recovery | Mixes Well with Water, Milk & Shakes,Other,0.6,Other,1.2
Kinetica Sports Whey Protein Powder - Banana Flavour | 23g Protein/Serve, 76 Servings/2.27Kg Pack | Gluten Free Supplement | Optimum for Muscle Growth & Recovery | Mixes Well with Water, Milk & Shakes,Other,0.6,Unknown,1.2
Kinetica Sports Whey Protein Powder - Banana Flavour | 23g Protein/Serve, 76 Servings/2.27Kg Pack | Gluten Free Supplement | Optimum for Muscle Growth & Recovery | Mixes Well with Water, Milk & Shakes,Other,0.6,Other,1.2
Kinetica Sports Whey Protein Powder - Banana Flavour | 23g Protein/Serve, 76 Servings/2.27Kg Pack | Gluten Free Supplement | Optimum for Muscle Growth & Recovery | Mixes Well with Water, Milk & Shakes,Other,0.6,Other,1.2
Kinetica Sports Whey Protein Powder - Banana Flavour | 23g Protein/Serve, 76 Servings/2.27Kg Pack | Gluten Free Supplement | Optimum for Muscle Growth & Recovery | Mixes Well with Water, Milk & Shakes,Other,0.6,Other,1.2
Kinetica Sports Whey Protein Powder - Banana Flavour | 23g Protein/Serve, 76 Servings/2.27Kg Pack | Gluten Free Supplement | Optimum for Muscle Growth & Recovery | Mixes Well with Water, Milk & Shakes,Other,0.6,Other,1.2
Kinetica Sports Whey Protein Powder - Banana Flavour | 23g Protein/Serve, 76 Servings/2.27Kg Pack | Gluten Free Supplement | Optimum for Muscle Growth & Recovery | Mixes Well with Water, Milk & Shakes,Other,0.6,C,1.2
Kinetica Sports Whey Protein Powder - Banana Flavour | 23g Protein/Serve, 76 Servings/2.27Kg Pack | Gluten Free Supplement | Optimum for Muscle Growth & Recovery | Mixes Well with Water, Milk & Shakes,Other,0.6,C,1.2
Kinetica Sports Whey Protein Powder - Banana Flavour | 23g Protein/Serve, 76 Servings/2.27Kg Pack | Gluten Free Supplement | Optimum for Muscle Growth & Recovery | Mixes Well with Water, Milk & Shakes,Other,0.6,C,1.2
Kinetica Sports Whey Protein Powder - Banana Flavour | 23g Protein/Serve, 76 Servings/2.27Kg Pack | Gluten Free Supplement | Optimum for Muscle Growth & Recovery | Mixes Well with Water, Milk & Shakes,Other,0.6,C,1.2
Kinetica Sports Whey Protein Powder - Banana Flavour | 23g Protein/Serve, 76 Servings/2.27Kg Pack | Gluten Free Supplement | Optimum for Muscle Growth & Recovery | Mixes Well with Water, Milk & Shakes,Other,0.6,C,1.2
Kinetica Sports Whey Protein Powder - Banana Flavour | 23g Protein/Serve, 76 Servings/2.27Kg Pack | Gluten Free Supplement | Optimum for Muscle Growth & Recovery | Mixes Well with Water, Milk & Shakes,Other,0.6,C,1.2
Kinetica Sports Whey Protein Powder - Banana Flavour | 23g Protein/Serve, 76 Servings/2.27Kg Pack | Gluten Free Supplement | Optimum for Muscle Growth & Recovery | Mixes Well with Water, Milk & Shakes,Other,0.6,C,1.2
